üìç See this list on Google Maps,,,Donate to keep MALAN running! ,,,,,,
"This is not an exhaustive list. Info will be updated as we are able to. Please reach out to the organizers directly for clarifying questions. If you have additional resources, please add them to this MALAN Instagram post and we will add it to this list! https://www.instagram.com/p/DEjhEgiRE9y/",,,,,,,,,
City,Name,Aid Type,Address,Animals? ,Volunteers Needs,Accepting ,Providing,Notes,Source
Pasadena,World Central Kitchen: Passadena,Free Prepared Meals,"Pasadena Convention Center
300 E Green St, Pasadena, CA 91101

",,,,Meal Service: 8am - 10pm,,
Altadena,World Central Kitchen: Altadena,Free Prepared Meals,"Sereno Ave
2234 El Sereno Ave, Altadena CA, 91001",,,,Meal Service: 3:30pm - 8:30pm,,
Flintridge,World Central Kitchen: Flintridge,Free Prepared Meals,"
St Francis High School
200 Foothill Blvd, La Ca√±ada Flintridge, CA 91011",,,,Meal Service: 1:30pm - 9pm¬†,,
Lancaster,Lancaster Animal Care Center,Animal Boarding,"5210 W Ave I, Lancaster",small,,,,,https://lacounty.gov/emergency/
Palmdale,Palmdale Animal Care Center,Animal Boarding,"38550 Sierra Hwy, Palmdale",small,,,,,https://lacounty.gov/emergency/
Castaic,Castaic Animal Care Center,Animal Boarding,"1044 Charlie Canyon Rd, Castaic, CA 91384",large animal shelter,,,,,
Filmore,Fillmore Active Adult and Community Center,Services,"533 Santa Clara Street
Fillmore, CA 93015",,,,,Southern California Edison has opened the following Community Resource Centers for customers impacted by this PSPS event.  Each location will be open January 9th from 8:00 am to 10:00 pm and January 10th from 8:00 am to 12:00 pm. ,
Agoura Hills,Agoura Animal Care Center,Animal Boarding,"29525 Agoura Road 
Agoura Hills, CA 91301",Small animals,,,,,
Agoura Hills,"Western Veterinary Center, Medical & Surgical Hospital",Animal Boarding,"4990 Reyes Adobe Road
Agoura Hils, CA 91301",,,,"All pets, regardless of health status",,Instagram
Arcadia,Arcadia Community Center ,Distribution Hub,"375 Campus Drive
Arcadia, CA 91007",,,,,No more donations of items needed at this time (Updated 1/9/25 12:59PM),City of Arcadia
Arcadia,Arcadia Public Library ,Wifi/Device Charging,"20 West Duarte Road
Arcadia, CA 91007",,,,Chargers and wifi access,,City of Arcadia
Azusa,Halfsies + Dog Haus Running Club Azusa,Distribution Hub,"600 E 5th St, Azusa, CA 91702",,"Volunteers needed to help with prepping meals and distributing to shelters
","Also collecting donations: food, water, hygine, warm clothing, blankets
(updated 01/09/25 10:25A)",,"Need help: preparing meals, gathering donated items, distributing food & supplies. You can donate: money for groceries, food to cook, packaged/prepared food, bottled water, hygiene supplies, blankets & warm clothing. Opening Thursday, 1/9, @ 8 AM",Instagram
Bakersfield,White Wolf Wellness ,Animal Boarding,"13227 Round Mountain Rd, Bakersfield, CA","Horses, chickens, sheep, goats",,,"Providing animal on boarding for horses, chickens, sheep, and goats etc",,https://www.instagram.com/reel/DEk5D3NSxK8/?igsh=NTc4MTIwNjQ2YQ==
Burbank,LA Equestrian Center Large Animal Shelter ,Animal Boarding,"480 W. Riverside Drive 
Burbank, CA 91506",Large Animals,,,,,
Burbank,IATSE Disaster Response Team,Shelter,"2520 West Olive Avenue
Burbank, CA 91505",,,,,Call Local 80 at 818-526-0700 if you're affected by local fires,
Burbank,Burbank Armenian Center,"Shelter, Information","75 E Santa Anita Ave, Burbank, CA 91502",,Call Artin at 818-486-0668 for more info,,,,
Chino,Chino Hills Animal Hospital,Animal Boarding,"3415 Chino Ave, Chino, California 91710",Pets,,, free accomidations for pets,909.591.1805 / offering free accomidations for pets,Instagram
City of Industry,Industry Hills Expo Center Stables,Animal Boarding,"16200 Temple Ave
City of Industry, CA 91744",Horses,,,animal boarding,"If you have animals in need of shelter, please contact Cory Moss at the Expo Center at (626) 216-6428.",Instagram
Covina,Pie Trap Pizza,Free Prepared Meals,"720 Arrow Hwy Suite A, Covina, CA 91722",,,,Free pizza for evacuees and people in need. Call (626) 541-0051 to coordinate,,
Crenshaw,It's Bigger Than Us,"Free Items, Distribution Hub","‚Ä®4308 Crenshaw Blvd‚Ä® Los Angeles, CA 90008",,"Volunteers willing to help sort and distribute donated items. 

","Essential items such as water, shelf-stable food, masks, hygiene items, clothes, blankets.
(updated 01/09/25 10:25A)",,"In response to the devastating fires impacting LA County, IBTU headquarters is being mobilized as a distribution hub in partnership with Perfect Hydration to support relief efforts.

Here‚Äôs how we‚Äôre assisting:
1. Pick-Up: First responders and organizations can stop by IBTU headquarters to pick up pallets of water.
2. Delivery: Volunteers will be available to deliver water to locations and individuals in need.
We‚Äôre starting these efforts soon, so please let us know how we can help your team or community.
Pick-Up Location:‚Ä®4308 Crenshaw Blvd‚Ä®Los Angeles, CA 90008
If you or your organization needs water or additional support, feel free to reply to this message or email at info@itsbiggerthanusla.org ",
Crenshaw,South LA Cafe,Distribution Hub,"3991 S Western Ave #9A
Los Angeles, CA 90062",,"Needs volunteers 1/9 from 8am-12pm to prep groceries for distribution
(updated 01/09/25 10:25A) Needs volunteers every Wednesday! (updated 01/09/25 11:56AM)",,,Sign up using this form here!,Instagram
El Monte,People's Cafe LA,"Free Items, Distribution Hub","2315 Mountain View Rd
El Monte, CA 91733",,,,,"Tickets 8am distribution 10:30am, donation $5",Instagram
Glendale,Pacific Community Center (CLOSED),Shelter,"501 S. Pacific Avenue
Glendale, CA 91204",,,,,,
Pasadena,Rose Bowl Stadium,Shelter,"10001 Rose Bowl Drive
Pasadena, CA 91103",Horses,,,,,Link
Glendale,Junior High LA,"Free Items, Shelter","603 S Brand Blvd, Glendale, CA 91204",,,masks (updated 1/9 5:47pm),"We're currently accepting masks, snacks, and sanitary/menstrual product donations. We're currently trying to figure out how we can ditribute hot food to those who are still in the neighborhood/feeling food insecure/etc through the weekend. We'' be here until 6pm every day this weekend. ",,
Greater LA Area,Compton Cowboys,Horse Hauling,,Horses,,,,DM for horse hauling emergecy assistance,Instagram
Greater LA Area,If Not Now - Free rides to evacuation centers,Free Items,DM on instagram to coordinate or fill out Google form,,DM or fill out this google form to volunteer / request a ride,,,DM or fill out this google form to volunteer,Instagram
Greater LA Area,Pico Rivera Sports Arena,Animal Boarding,"11003 Sports Arena Dr, Pico Rivera, CA 90601",horses and livestock,,,free boarding for horse and large livestock owners in areas impacted by the area fires,,Instagram
Greater LA Area,Hatch Ranch,"Animal Boarding, Shelter","Tehachapi, CA",large and small,,,"Shelter and space for large animars in coral, stables, and turnouts DM Ashley @hatch_ranch on instagram",,
Greater LA Area,Whittier Dog Club,"Animal Boarding, Distribution Hub","12217 Philadephia Street, Whittier, CA 90601",Dog boarding,,"Fresh sealed dog food, treats, blankets, towels, dog bowls, toys, leash‚Äôs and collars.
(updated 01/09/25 10:25A)",,"Dog boarding and emergency rescue. DM @whittierdogclub

We will be donating all items to our local rescue and using for the dogs we rescue.",Instagram
Greater LA Area,Best Friends Animal Society,Animal Boarding,,,"Looking for volunteers to help board animals, and supply donations by purchasing items on their wishlist.",,,"If you can help board animals, email FosterLA@bestfriends.org",Instagram
Greater LA Area,Marilynn Ebrecht,Animal Boarding,Call Marilynn at 818-231-2379,Horses,,,animal hauling,"Horse trail help offered: ""Two truck LA and trailer combos ready to roll. Both trailers 3 horse slants w experienced drivers. 818-231-2379""",
Greater LA Area,YMCA of Metropolitan Los Angeles,"Shelter, Services",,,,"NEW: food, water, pet supplies, phone chargers, pillows, toiletries, medical supplies. NEW/GENTLY USED: clothes (adult + child), blankets + towels",Free child care,,
Huntington Beach,Calico Fish House,Free Items,"16600 Pacific Coast Highway
Huntington Beach, CA 92649",,DM @ChefGruel on Twitter to coordinate meal or supply deliveries ,,Free meals,,Twitter
Koreatown,Anderson Munger Family YMCA,Distribution Hub,"4301 W. Third Street, Los Angeles, 90020",,,"water, micoraves, protien bars, blankets, new underwear and socks, hygine products, noodles, chips, joice, kids toys, fruit, single use utensils, lunch paper bags, zip lock bags, pet food, empty boxes/bins, gift cards to walmart, target, grocery etc. (updated (1/9) 5:17pm)",,Working with the Red Cross to distribute donations to shelters.,Instagram
Koreatown,K-Town YMCA,"Shelter, Free Items","433 S Vermont Ave, Los Angeles, CA 90020",,,"ziplock gallon bags, new underwear, socks, hygiene, soup, water, markers, pet food, and tape

updated 01/09/25 6:30p","shelter, items",open until 10,
Laguna Hilla,Pasture Space ,Animal Boarding,Laguna Hills ,Horses goats etc,Call 949-371-1736,,"Providing pasture space for horses, goats, etc",,
Lawndale,South Bay Rodent Rescue,Animal Boarding,Lawndale,Rodent boarding,,,,call 424-571-9530 for rodent boarding,
Long Beach,7th Street Collective,Distribution Hub,"811 E. 7th Street, Long Beach, CA, 90813",,"Volunteers NEEDED: for emergency response kit making, supply runs, drivers to make drops to Bike Oven (updated 1/9/25 1:14PM)

","Supplies needed: water, masks, first aid, electrolytes, burn cream, etc. AND blankets, pillows, other overnight necessities.  
(updated 01/09/25 10:25A) DONATIONS: Venmo @seventhstcollective to pay for gas and supply runs! (Updated 1/9/25 1:15PM)",,"Thursday 1/9 9am-3 pm, 6:30-8:30pm. ",Instagram
Los Angeles,Uber,Services,All over,,,,Free rides for evacuees up to $40. Code: WILDFIRE25,,
Los Angeles,Mac Park Unhoused Outreach,Distribution Hub,tinyurl.com/unhousedinLA,,,"N95 Masks, any shelf stable food",,,Instagram
Los Angeles,Westwood Recreation Center,Shelter,"1350 S. Sepulveda Blvd.
Los Angeles, CA 90025",,,NO LONGER ACCEPTING DONATIONS,,(9:11pm 1/8 - AT CAPACITY),
Los Angeles,LA Dream Center Emergency Shelter,Shelter,"2301 Bellevue Avenue
Los Angeles, CA 90026",Pets allowed,"A few current volunteer needs are passing out donations, directing traffic, sorting clothes, prepping meals : (updated 1/9 5pm)","Food: Butter, milk, pasta, eggs, rice, beans, other non-perishable/canned goods

Toiletries & hygeine: diapers, laundry soap, baby formula
(updated 01/09/25 10:25A)",,UPDATED 01/08 1:50p: Lots of space for more people,Instagram
Los Angeles,Belle's Boarding,Animal Boarding,"1353 S Genesee Ave, Los Angeles, CA 90019!",Small animals,We need volunteers with vehicles who are able to pickup/dropoff animals at various rescues for safe harbor.,We need monetary donations to help those most in need. ,,"If you need assistance, please contact the team at (323) 627-3821. If the lines are busy, we kindly ask that you try again or leave a voicemail.

As cell service is also limited, you can also request support by sending a DM to @BellesBoarding",Instagram
Los Angeles,Re/Creation Cafe,Shelter,"4500 Washington Boulevard
Los Angeles, CA 90016",,,,Offering a safe place to shelter and work,,Instagram
Los Angeles,Lagartijas Climbing Cr√∫: Gear Drive,"Free Items, Distribution Hub",,,,"Sleeping bags, sleeping pads, dehydrated meals, etc. 
(updated 01/09/25 11A)",,Folks who need gear or shelter can check: Gear Drive Fire Support - Lagartijas,Instagram
Los Angeles,Hollywood Food Coalition,"Free Items, Distribution Hub",5939 Hollywood Blvd (Salvation Army campus) ,,"Volunteer Update: Today and tonight, we are limiting volunteers participation for safety reasons","Drop off food and water donations between 9a-5p on 01/09 and 01/10 at 1223 Vine St. (enter at La Mirada)
(updated 01/09/25 12p)",,Community Dinner: Open tonight (January 9) with regular meal distribution at 5939 Hollywood Blvd (Salvation Army campus) starting at 6-7,
Pasadena,The Rose Bowl,Animal boarding,"1001 Rose Bowl Dr, Pasadena, CA 91103",Large animals,,,,,
Los Angeles,Every Table ,"Free Items, Distribution Hub",Local Shelters ,,,,Free food to local shelters (great resource if you are volunteering at a shelter and need food donations). ,,https://www.instagram.com/p/DEkzMpNyPnB/
Los Angeles,Selahnhc,Free Items,"2930 Hyperion Ave, LA, CA 90027 SIlverlake Community Church  ",,,,"Masks, water, hygiene supplies, indoor space with an air purifier, and device charging  ","Open Sat 01/11 12:30p-3:30p 

(updated 01/09/25 12p)",
Los Angeles,Tapestry Church,Shelter,"1521 S Hill St, Los Angeles, CA 90015",,,,"Connecting evacuees to people who can provide shelter email hello@tapestry.la
(updated 01/09/25 12p)",,Instagram
Los Angeles,Direct Relief ,Free Items,"433 S Vermont Ave, Los Angeles, CA 90020 (Koreatown YMCA Center)
4301 W. 3rd Street, Los Angeles CA 90020 (Anderson Munger Family YMCA)",,,,Providing N95 Masks (each person may recieve up to 2),"01/09/25 1:00pm-5:00pm
(updated 01/09/25 12p)",https://www.instagram.com/p/DEk4-HdPSuX/?igsh=NTc4MTIwNjQ2YQ==
Los Angeles,St. Anthony's Croatian Catholic Church,Shelter,"712 N Grand Ave, Los Angeles, CA 90012",,,,Offering shelter to evacuees,,
Los Angeles,Planet Fitness,Shelter,All LA locations,,,,"Open to evacuated people in need of showers, wifi, safe place to sit around",,
Los Angeles,The Grateful Dogs Clubhouse,Animal Boarding,"202 Illinois St, El Segundo, CA, 90245",Dogs,,"Clean and gently used crates, leashes, collars, dog bowls, dog food, dog beds
(updated 01/09.25 12:30p)",Providing dog care/onboarding ,,
Los Angeles,Clean Air Los Angeles ,"Distribution Hub, Free Items",,,,Masks,Currently Distributing masks to fire evacuee centers and shelters. to request PPE : https://linktr.ee/cleanairla,,Linktree
Los Angeles,White Memorial Church ,Shelter,"401 N State St Los Angeles, CA, 90033",,,"Towels, sheets, blankets
(updated 01/09.25 12:30p)",providing shelter : ,contact: Pastor Manny: 951-203-6132,Instagram
Los Angeles,Paso Robles Horse Park ,"Animal Boarding, Horse Hauling","3801 Hughes Pkwy, Paso Robles, CA, 93446",Horses,Call 805-369-1323,,Providing horse evacuation locations ,Call 805-369-1323,Instagram
Los Angeles,Animal Hospital Center-Sinai,Animal Boarding,"10737 Venice Blvd, Los Angeles, CA, 90034",Pets,Call 310-559-3770,,Prividing free animal boaurding *please bring ID/or residential verification*,,
Los Angeles,Community Loving ,"Free Items, Distribution Hub",Torrance ,,,"DOES NOT NEED MORE DONATIONS
(updated 01/09/25 10:45a)","Providing hygiene kits, clothing, & kids cloth masks *Pick up in Torrance*",,Instagram
Los Angeles,The Gathering Spot LA,"Workspace, Free Items","5211 W Adams Bld, Los Angeles, CA, 90016",,contact: dmagett@thegatheringspot.club,,Providing a workspace and also free food/meals,,
Los Angeles,Danny Boy's Pizza,Free Prepared Meals,"Westwood: 10889 Lindbrook Dr, Los Angeles, CA 90024
DTLA: 330 S Hope St Suit 205, Los Angeles, CA 90071",,Reach out to them on isntagram and they'll contact you if they need a driver,,Free pizza for evacuees and people in need,,Instagram
Los Angeles,Sunday Gravy,Free Items,"1122 Centinela Avenue, Inglewood CA 90302",,,"Monetary donations, $20 buys one meal
Venmo: https://venmo.com/u/sundaygravy
(updated 01/09/25 1:15p)","Free meals for first responders, evacuees, and people in need. DM @sunday.gravy on Instagram to coordinate",,Instagram
Los Angeles,Detroit Pizza Depot,Free Items,"Hollywood: 6219 Franklin Ave, Los Angeles, CA 90028",,,,"Free pizza for first responders, evacuees and people in need. 
(updated 01/09/25 1:15p)",,Instagram
Los Angeles,Party Bus Group ,Transportation,7044 Garden Grove Blvd ,,dm on insta: @partybusgroup ,,"Offering free emergency evacuation transportation 
(updated 01/09/25 1:15p)",,Instagram
Los Angeles,Nativo,Distribution Hub,"5137 York Blvd., Los Angeles, CA 90042",,,Collecting Resources,,,https://www.instagram.com/p/DElOGGfyeiA/?img_index=2&igsh=NTc4MTIwNjQ2YQ%3D%3D
Los Angeles,Saba Surf,"Distribution Hub, Free Items","12912 Venice Blvd.Los Angeles, CA 90066",,,"Blankets, towels, clean socks, warm clothes, flashlights, batteries, drinking water, power banks, toiletries, tampons/pads, contact solution, wet wipes, diapers, baby wipes, dog food, cat food, pet beds, instant coffee, canned foods, ramen cups, power bars, first aid supplies, non-perishables, instant oatmeal, snacks 

(updated 01/09/25 1:30p)","Power, water, wifi, clean water, seating",hours: 7-4 pm,Instagram
Los Angeles,Noel Community Organization,"Free Items, Distribution Hub",6025 S. Figueroa St. Los Angeles CA,,,"Need hygiene stuff, water, and food",Food distribution on Saturday Jan 11,"Need it delivered to Long Beach location - 3070 Santa Fe Avenue, Long Beach",
Los Angeles,Brooklyn Projects,Free Items,"7427 Melrose Avenue
Los Angeles, CA 90046 ",,,,"Free clothing for evacuees and those in need
(updated 01/09/25 1:30p)",01/09/25 - open from 1p ,Instagram
Los Angeles,B√© √ô,Free Prepared Meals,"557 N. Hoover St., Los Angeles, California
",,,,"Uy√™n L√™‚Äôs Virgil Village walk-up window is providing free meals to fire evacuees and first responders.
(updated 01/09/25 1:30p)",01/09/25 closing at 3:30p,Instagram
Los Angeles,Fiorelli Pizza,Free Prepared Meals,"1033 Abbot Kinney Blvd., Venice,California",,,,"offer free pizzas to first responders and families that have been displaced by the fires.
(updated 01/09/25 1:30p)",,https://www.latimes.com/food/list/los-angeles-restaurants-providing-food-shelter-evacuees-first-responders-fire
Los Angeles,Sonoritas Prime Tacos,Free Prepared Meals,"2004 Sawtelle Blvd.,Los Angeles, California",,,,"One free taco to first responders and displaced people, more available on a case by case basis 
(updated 01/09/25 1:30p)",01/08/25 and 01/09/25,Instagram
Los Angeles,Dudley Market,Free Prepared Meals,"9 Dudley Ave. Venice, California
",,,,Dudley Market will be open for dinner service with three air filters running and free food for first responders and those displaced by the fires.,,https://www.latimes.com/food/list/los-angeles-restaurants-providing-food-shelter-evacuees-first-responders-fire
Los Angeles,Sora Craft Kitchen,Free Prepared Meals,"1109 E 12th St., Los Angeles, California
",,,,preparing grilled chicken bowls for first responders and fire evacuees. The Mediterranean-inspired bowls can be reserved by sending a DM via Instagram or by calling the restaurant.,,https://www.latimes.com/food/list/los-angeles-restaurants-providing-food-shelter-evacuees-first-responders-fire
Los Angeles,Telef√®ric Barcelona,Free Prepared Meals,"11930 San Vicente Blvd.Los Angeles,California",,,,providing free meals to locals displaced by ongoing fires. Meals can be picked up anytime today until 9:15 p.m.,,https://www.latimes.com/food/list/los-angeles-restaurants-providing-food-shelter-evacuees-first-responders-fire
Los Angeles,Venice Surfing Assocaition ,"Distribution Hub, Free Items","648 Rose Ave. Venice, CA",,,"AT DONATION CAPACITY
(updated 01/09/25 1:45p)","Children's clothing, bedding, toiletries, diapers, jackets, water, batteries, and more
(updated 01/09/25 1:45p)",10a-6p,Instagram
Los Angeles,Alma's Cider,Distribution Hub,"904 Virgil Ave, Los Angeles, CA 90029",,,"Drop off essential items such as t-shirts, pants, jackets, new underwear and socks, children's clothing, MASKS!, snacks, bottled water, blankets, etc to the bar from 5pm -12 am. ",,,
Los Angeles,UCLA EVP,Free Items,Kerckhoff 300C; UCLA Campus ,,,,Masks available until supplies run out,,
Los Angeles,Uber,Free Items,All over,,,,Free rides for evacuees up to $40. Code: WILDFIRE25,,
Los Angeles,BCB Shepherdess,Horse Hauling,,,,,DM @BCBSHEPHERDESS on IG for horse hauling needs,,
Los Angeles,The Kinn,Shelter,"150 Horizon Avenue, Los Angeles, California 90291",,,,"a place to rest, work, shower
(updated 01/09/25 2:30p)",Also connecting displaced people with accommodations ,Instagram
Los Angeles,Celebration Nation,Distribution Hub,"5623 Lankershim Blvd Ste A, North Hollywood, CA 91601",,,"water, face masks, snacks, baby food, first aid kits, toiletries, feminine products, blankets, pet supplies and food, and more.
(updated 01/09/25 2:30p)",,"January 8, 2025, between NOW - 8 PM
January 9‚Äì10, 2025, between 10 AM‚Äì7 PM",Instagram
Los Angeles,Big Blue Bus,Free Items,Lincoln Boulevard and Montana Avenue in Santa Monica.,,,,free hourly transportation to the Westwood Recreation Center. The pickup location is Lincoln Boulevard and Montana Avenue in Santa Monica.,,https://x.com/SMBigBlueBus/status/1877127465396744601?mx=2
Los Angeles,"USAC General Representative1 and 2
",Free Items,"Kerkhoff Hall, 308 Westwood Plaza, Los Angeles, CA 90095",,,Accepting donations,"masks, fool & snacks, water, energy drinks, coffee, destress equipment, personal hygiene products, sunglasses, and fire safety & additional mutual aid resource information
(updated 01/09/25 2:45p)",Friday 1/10 9am-noon,Instagram
Los Angeles,Cafe Tropical,"Free Items, Wifi/Charging","2900 W Sunset Blvd Los Angeles CA, Los Angeles, CA",,,,staying open w/ coffee,,
Los Angeles,Feed the Streets,"Distribution Hub, Free Prepared Meals",,,"Seeking cooks, restaurants, and catering services
(updated 01/09/25 2:45p)",,Meals for fire fighters on the ground,DM to get involved,instagram
Los Angeles,Well Wishes for Silverlake Lounge,Distribution Hub,"2906 Sunset Boulevard
Los Angeles, CA 90026",,Does not need more volunteers,"10-20G tubs, N95 masks, 1 or 2 big air purifiers, clothes, pillows, sheets, non-perishable food, water, sanitary products, kids toys, first aid products, charges, batteries
(updated 01/09/25 2:45p)",,From 3pm onward,Instagram
Los Angeles,Materials & Applications ,Distribution Hub,"1313 Sunset Blvd, Echo Park",,,"k/n95 masks, medical supplies, hygine products, blankets, pillows, hand warmers, water, non-perishable food, per food, zipties, tarps, tents, flashlights",,"DM to schedule a drop off // stay tuned for Sat/Sun drop off windows
Thursday, Jan. 9 - NO MORE DROP OFF APPTS 
(updated 01/09/25 4:45p) ",instagram
Los Angeles,Esquina Bicycle Shop,Distribution Hub,"2228 Whittier Blvd, Los Angeles, CA 90026",,,"Collecting: masks, warm clothing, non-perishable food, first aid, pet supplies, women's sanitary products",,"Drop off at Esquina between: 12-3pm Satuday-Monday, 12-5pm Tuesday- Friday",Instagram
Los Angeles,UCLA Health ,Free Items,Call Chatura (sustainability coordinator for Community Clinic Network 310-562-3310) ,,,,"Offering PPE like face shields, N95 masks, and grippy socks",,
Los Angeles,Au Lac Restaurant DTLA,Free Prepared Meals,,,,,"Organizations seeking meals, please reach out! 
(updated 01/09/25 5p)",Cooking meals for displaced folks. Looking to partner with orgs who can help coordinate meals getting to people who need them.,Instagram
Lynwood,Iphone Repair 310,Distribution Hub,"10820 Atlantic Ave Ste 105, Lynwood, CA 90262",,,"REALLY NEED: baby wipes, baby oil, wash for babies, baby formula, LOTS of shopping bags (Updated 1/9/25 at 8:43PM)
NEED:
shelf-stable food, water, and essentials for distribution to shelters",,"If you can't make it to them, DM to coordinate pickup",Instagram
Marina del Rey,Animal Wellness Foundation,Animal Boarding,Contact for address,Pets,,Funds,,Former veterinary hospital in Marina del Rey offering shelter for evacuated animals. Email Annie at drannieawc@gmail.com. From Animal Wellness Foundation (www.animalwellnessfoundation.org) ,https://m.facebook.com/story.php?story_fbid=pfbid035gsoG7nCT8K8NbY6uwqv8smqqTRwViYR7c2XdkddG2DvSpvkJoGWJcCuafJGmHMYl&id=783169692&mibextid=Nif5oz
Miracle Mile,Feed Play Love,Animal Boarding,"5850 W 3rd St, Los Angeles, CA 90036",Pets,,,animal boarding,Reach out to them directly if you need temporary boarding for your pets. 323-440-4915,Instagram
Montebello,Montebello Barnyard Zoo,Animal Boarding,"600 Rea Drive, Montebello, CA 906040",Horses/farm animals,,,animal boarding,call 213 718 5442 to ask about housing horses/farm animals,Instagram
Montebello,Montebello Armenian Center,"Shelter, Information","410 Washington Blvd, Montebello, CA 90640",,,,,Call Jack at 323-216-1239 for more info,
Montrose,Crescenta Valley Armenian Community Center,"Information, Shelter","2633 Honolulu Ave, Montrose, CA 91020",,,,,Call Lucy at 818-590-5580,Instagram
Northridge,Northridge Park,Shelter,"10120 Reseda Blvd
Northridge, CA 91324",,,"NOT ACCEPTING DONATIONS 
(updated 01/09/25 5:45p)",,,Assembly Member Pilar Schiavo
Oxnard,Paw Works,Animal Boarding,Oxnard,Small animals,,,,Email brittany@pawworks.org or DM @pawworks on Instagram,Instagram
Pacoima,Evacuation Shelter - Ritchie Valens Recreation Center,Shelter,"10736 Laurel Canyon Blvd, 
Pacoima, CA 91331, USA",,,,,,Assembly Member Pilar Schiavo
Palmdale,Milo's Sanctuary,Animal Boarding,"550 W. Rancho Vista Blvd Ste D #106
Palmdale, California 93551",Large and small animals,,,,DM @milos_sanctuary on Instagram,Instagram
Panorama City,Sepulveda Recreation Center,Shelter,"8825 Kester Ave
Panorama City, CA 91402",,,,,,Assembly Member Pilar Schiavo
Pasadena,Friends in Deed Bad Weather Shelter,Shelter,"Trinity Lutheran Church
997 East Walnut Street 
Pasadena, CA 91106",,,,,"01.07-01.10 
Adults only 
Back of the church
Maximum 59 guests",Instagram
Pasadena,Pasadena Convention Center,Shelter,"300 E. Green Street, 
Pasadena, CA 91101",Pets on leash and in carriers ,,"No longer accepting donations 
(updated 1/9 2:25pm)",,"Also has masks and rapid tests, humane society on hand to help with pets too.  ",City of Pasadena Instagram 
Pasadena,St Sarkis Armenian Church,Shelter,"58 S Sierra Madre Blvd, Pasadena, CA 91107",,,"NEED: water, blankets, and ESPECIALLY high-quality masks (updated 1/9/25 1:54PM)",,Open 10am-4pm for drop-offs,
Pasadena,All Saints Church,Shelter,"132 N Euclid Avenue, Pasadena, CA 91101",,,,,,
Pasadena,My Pet Garden,Animal Boarding,"2245 East Colorado Blvd., Suite 106, Pasadena, CA, 91107",Cats and small/medium dogs,,NO LONGER NEED SUPPLIES (updated 1/9/25 at 2:26PM),,"Call or text (626) 319-1238 ""If you‚Äôve had to evacuate and don‚Äôt have a place for your pets, call us and bring them in.
",
Pasadena,First Baptist Church,Shelter,"75 N Marengo Ave, Pasadena, CA 91101",,,,,,
Pasadena,Odyssey Games,"Free Items, Wifi/Charging",1795 E. Colorado Blvd. Passadena CA,,,,"snacks, water, electricity",Open 1/9/25 from 5:30-11:30PM; 1/10/25 and on: normal hours. Drinks and snacks free for evacuees. Updated 1/9/25 @ 1:37PM,Instagram
Los Angeles,Love Hour Los Angeles,Free Items,"532 S. Western Ave, Los Angeles, California 90020",,,"Accepting donations and dropoffs today and throughout the weekend. Looking for: water, canned food, blankets, hygiene products (Updated 12/9/25 12;35PM)","Open 5-10pm Thursday, 1/9/, providing free meals for fire fighters, first responders, and anyone affected by fires. (Updated 1/9/25 12:35PM)",DM @lovehourlosangeles if you're able to help,Instagram
Pasadena,Bike Oven,Distribution Hub,"3706 N Figueroa
Los Angeles, CA 90065",,Drivers for hot food distro ,"Basic hygiene and toiletries, N95 masks or respirators, pet food, power banks, batteries, blankets, sleeping bags. 
Push carts ",,Drop off location for supplies for those dealing with Eaton Fire,Instagram
Pasadena,Cresecnta Valley UMC,Wifi/Charging,"2700 Montrose Ave, La Crescenta-Montrose 91020",,,,power available for charging devices,"We have power available for charging devices.If you need help, please reach out to Janice or Pastor Kevin.213-290-3722",Instagram
Pasadena,The Harvest Academy,Free Items,,, Volunteering in their kitchen,Monetary donations via Paypal: info@theharvestacademyclub.org,,DM @theconciergekitchen on Instagram to get involved,
Pasadena,Pasadena Humane Society,"Animal Boarding, Distribution Hub","361 S. Raymond Avenue
Pasadena, CA 91105",,They do NOT need volunteers,Donations of water for pets (Updated 1/9/25 at 1:00PM),,"Need foster care, kennels are full. If you are able, come to the foster office",For donation and foster care information
Pasadena,Passadena Community Job Center,"Shelter, Free Items","500 N Lake Ave, Pasadena, CA 91101",,call the center for more inforamtion about volunteering or donating 626.440.0112,,"space to rest, masks, food, water, ",,Instagram
Pasadena,Agnes Restaurant & Cheesery,Shelter,"40 W Green St, Pasadena, CA 91105",,,,,"Thurs, 1/9, starting at 10 AM: serving as a shelter, providing boxed lunches, and a place to charge electronics.",
Remote,Satellite Fire Map,Information,"https://firms.modaps.eosdis.nasa.gov/usfs/map/#d:24hrs;@-115.6,33.8,7.7z",,,,,Do NOT use for evacuation information or to estimate risk.,
Remote,Latest Evacuation Map,Information,Protect Genasys,,,,,,Protect Genasys
Remote,Sign up for LA County Emergency Alerts,Information,LA County Emergency Alerts,,,,,,
Remote,The Emergency Response Program ,Shelter,Call 211 or go to https://211la.org/LA-Wildfires,,,,,"Individuals experiencing unsheltered homelessness in the following Service Planning Areas (SPA) may access hotel/motel vouchers from Tuesday, January 7, 2025 - Thursday, January 9, 2025, with check-out on Friday, January
10, 2025, at 11:00 am, by dialing 211 or connecting with an outreach worker:
County:
SPA 1- Antelope Valley
SPA 2- Santa Clarita Valley
SPA 3- San Gabriel Valley
SPA 5- West Los Angeles - County areas
SPA 6- South Los Angeles - County areas
SPA 7- East Los Angeles
SPA 8- South Bay/Harbor - County areas
City:
SPA 2- San Fernando Valley - LA City areas
SPA 4- Metro
SPA 5- West Los Angeles - LA City areas
SPA 6- South Los Angeles
SPA 8 - South Bay/Harbor - LA City areas",https://www.instagram.com/p/DEk5aZESyjJ/?igsh=ZGUzMzM3NWJiOQ%3D%3D&img_index=2
Remote,Disaster Strat ,Information,Call/text Disability and Disaster Hotline 800-626-4959 or email hotline@disasterstrategies.org,,,,,,https://www.instagram.com/p/DEkyfGWJKGC/?igsh=NTc4MTIwNjQ2YQ==
Remote,Mr.Mealsprepking,Free Items,Call 626-234-3275,,,,Providing meals for people imapacted by fires ,,https://www.instagram.com/mrmealprepking?igsh=NTc4MTIwNjQ2YQ==
Remote,We Evolve Together,Free Items,,,@we_evolvetogether,,masks,DM for any places that need masks and they will donate,Instagram
Remote,Rescue Cottage,Animal Boarding,,Hamster boarding,@rescue.cottage,,animal boarding,DM @rescue.cottage for free hamster boarding. They will drive to you!,
San Fernando Valley,The People's Struggle SFV,"Free Items, Distribution Hub",,,,"HAVE: water bottles
STILL NEED:
hot foods, masks (n95 or p100 preferred), saline spray (nasal), tents, hand warmers, goggles, alcohol wipes, large/medium bandages, gauze, saline flushes, wound wraps, chuck pads, pads/tampons, ziplocks (quart size), batteries, sanitation (soap & hand sanitizer), baby supplies (formula, diaper, etc.), paper towels, sleeping bags, blankets, flashlights, can openers, non perishable foods (canned), pet supplies (pet food, etc), whistles (signal emergency)
(Update 1/9/25 at 6:55PM)",transportation,Transporting supplies and offering EVAC rides. Please dm or signal: https://tinyurl.com/PSSFV,Instagram
San Fernando Valley,Pawparazzi,Animal Boarding,"8968 Fullbright Ave., Chatsworth, CA 91311
",Dog and cat boarding,@pawparazzipups,,animal boarding,Large pet resort in Chatsworth ready to help take in evacuated dogs and cats. Pets must be human friendly. They have dog food available if needed. CAll for details: 818-860-0729.,Instagram
San Gabriel Valley,Cricket Party Services ,Distribution Hub,"633 South Palm Ave, Alhambra, CA 91803",,,food and water ,,need food and water (will be donating to local fire fighters) call 626-741-7349 Julio,
San Gabriel Valley,All Souls Parish Hall,Distribution Hub,"29 S Electric Ave, Alhambra, CA 91801",,,Collecting items for community distribution,,"Gift cards, cash, new clothing (all sizes + genders), blankets, bedding, purses + wallets, backpacks + school supplies, diapers (all sizes!), strollers, tools, cleaning supplies. Call 626-282-5695.",
San Luis Obispo,"Annekevh_hickman, La Lomita Ranch",Animal Boarding,"1985 La Lomita Way, San Luis Obispo, California 93401",Horse boarding,@annekevh_hickman,,,DM @annekevh_hickman or @lalomitaranch on IG ,Instagram
Santa Monica,Reality Center,Shelter,"1428 2nd St #400, Santa Monica, CA 90401",,,,,,
Santa Monica,Mud\WTR:gather (mudwtrgather),Shelter,"2515 Main Street, Santa Monica, CA 90405",,"Providing shelter, wifi, parking. IG @mudwtrgather",,,,
Santa Monica,Vintage Church,Wifi/Charging,"1015 California Ave, Santa Monica, CA 9040",,,,"bathrooms, wifi, snacks",,Instagram
Sherman Oaks,Zala Lawyers ,Shelter,"Hotel rooms in Sherman Oaks for evacuees, DM @ginazapanta_ on Instagram",,,,"space at their offices with power, internet, storage space for folks who need a home base","@Zalawyers are also providing space at their offices with power, internet, storage space for folks who need a home base",
Silverlake,Be U Vietnamese Restaraunt,Free Items,"557 N Hoover St, Los Angeles, California 90004",,,,Free meals for fire evacuees and first responders,,Instagram
Silverlake,La Sorted,Free Items,"2847 Sunset Blvd, Los Angeles, CA 90026",,,,Free pizza for evacuees and people in need,,
Skid Row,Skid Row People's Market -- Free Masks,Free Items,5th and San Pedro,,,,Free masks,,
Skid Row,The Sidewalk Project LA,"Distribution Hub, Shelter","768 Stanford Ave.
Los Angeles, CA 90021",,,"Tarps, tents, sandbags, N95 masks, cots, blankets, bungee chords, respirators",,"Receiving unhoused from Skid Row, Mac Park, and unhoused from evacuation zones. Asking for volunteers to drop off hot food. ",
Sylmar,All Things and More,Free Items,"8321 San Fernando road Sun Valley, California",,,," blakets, sheets, pillow, clothing","Thrift store offering free: blakets, sheets, pillow, clothing",Instagram
Ventura,Food Share of Ventura County,"Distribution Hub, Free Items",College Park,,,,,weekly drive-thru food distribution at College Park is open to anyone in need of additional food resources/those affected by power outages,
West Adams,All Power Books,"Free Items, Shelter, Distribution Hub",4749 W. Adams Boulevard,,,Not accepting physical doantions (updatesd 1/9 2:15pm),"space at their offices with power, internet, storage space for folks who need a home base",KN95 Masks and water available for pickup -- charging and wifi available,
West Hollywood,Pommomhannah,Animal Boarding,Call them at 310-473-5585 for details + help,,,,,"If you need pet supplies or boarding, contact them at 310-473-5585",Instagram
Westlake,The Barkley Pet Hotel and Day Spa,Animal Boarding,"31166 Via Colinas, Westlake Village, CA 91362",,,,,Free boarding  818-889-2275,
Woodland Hills ,El Camino Real Charter High School,Shelter,"5440 Valley Circle Road
Woodland Hills, CA 91367",,,,,,
Woodland Hills ,Pierce College Equestrian Center,Animal Boarding,"6201 Winnetka Ave
Woodland Hills, CA 91371",Large Animals,,,,UPDATE 01/08/25 3:45P - FULL ,
Culver City,Mija Fitness,Distribution Hub,"4700 Inglewood Blvd
Culver City, CA 90230",,,"baby clothing, brown paper bags, boxes, ziplock bags, first aid kits, water, baby supplies, non-perishable food, travel size toiletries (updated 1/9 2pm)",,,Instagram
Bakersfield,All Seated in a Barn,"Animal Boarding, Horse Hauling","30764 Imperial St, Shafter, CA 93263",Large Animal,,,animal hauling an boarding,"tranport, boarding and and food for large animals",Instagram
Ranchita,"Little Bitty Animal Sanctuary, Inc.",Animal Boarding,"37825 MONTEZUMA VALLEY RD
RANCHITA CA 92066-9739",Large and small,,,, We are roughly 2-3 hour drive away from LA on the eastern edge of San Diego county.,Instagram
Ojai,Shepherdess Land & Livestock,"Animal Boarding, Horse Hauling","Ojai, CA",Hoses and livestock,,,,"equine and livestock hauling, water troughs, animal boarding",Instagram
Anaheim,Villains Brewing,Free Items,"555 S Anaheim Blvd, Anaheim, California 92805",,,,food,"We are open and ready to support anyone impacted by the fires. If you need food, please feel free to reach out to us directly via DM‚Äîwe‚Äôre here to help in any way we can.",Instagram
Los Angeles,Picaresca Barra De Cafe & Casa Tostadora,Distribution Hub,"2931 e 4th st, East Los Angeles, California 90033",,,"masks, clothes, non-perishable food, first aid products, pet food, sanitary products",,,Instagram
Los Angeles,Superchief Gallery LA,Distribution Hub,"1965 S Los Angeles St, Los Angeles, California 90011",,,accpeting donations 12-7pm,,,Instagram
Los Angeles,BunnyLuv Rabbit Resource Center,Animal Boarding,"10935 Camarillo St. North Hollywood, CA",bunnies,,,,,Instagram
Pasadena,Union Station Homeless Services,Distribution Hub,"412 S. Raymond Avenue, Pasadena, CA 91104",,"YES! Please come on Friday, 1/10/25, and be ready for anything. (Updated 1/9/25 at 4:32PM)","accepting donation of bottled water, N95 masks, non-perishable food items, non-perishable toiletries, meals, baby formula and food, disposable utensils, plates, and cups. PARTICULARLY: first aid, masks, blankets, toiletries. DROP OFF BTWN 8AM-5PM.  (Updated 1/9/25 at 4:32PM)",,open for drop off 8:00 am - 5:00 pm everyday,Instagram
San Fernando Valley,Zaca Creek Ranch,Animal Boarding,https://zacacreekranch.wpcomstaging.com/,horses,,,,Ranch in Santa Ynez that could temporarily shelter horses. Dennis Patrick/Hayley Firestone. Email zacacreekranch@gmail.com or call 805-698-4540.,
Remote,Teladoc Health,"Free Items, Services",Virtual only!,,,,,"Individuals in Southern California who have been displaced or who cannot access medical care as a result of the fire can seek treatment from a licensed health care professional for any non-emergency illness by calling Teladoc Health directly at 855-225-5032. Individuals seeking physician-authorization for prescription refills of non-narcotic drugs can also get assistance. For emergencies, patients should call 911.",https://www.teladochealth.com/newsroom/press/teladoc-health-is-providing-free-virtual-health-care-services-to-southern-california-residents-impacted-by-the-palisades-fire
Los Angeles,Ktownforall,"Free Items, Distribution Hub",Koreatown,,,"Masks, tarps, tents, funds","Masks, tarps, tents for unhoused folks ",,
Pasadena,National Day Laborer Organizing Network,Distribution Hub,"Pasadena Community Job Center, 500 N Lake Ave, Pasadena",,"Actively calling for volunteers at 9am tomorrow to pack kits and organize supplies for distro then they‚Äôre doing a cleanup crew that‚Äôs gonna go out to the neighborhoods starting at 1pm with a mandatory safety briefing. (Update 1/9/25, 4:29PM)","All donations accepted, but ESPECIALLY: baby wipes, masks, alcohol wipes (like for first aid) and ziplocks (gallon-ish size) for making hygiene kits. also diapers and feminine hygiene always appreciated. (Update 1/9/25, 4:29PM)",,"Drop off donations at the Pasadena Community Job Center. Call 626-440-0112 with questions.

OPen at 7",https://www.instagram.com/p/DElsWTTJrBc/
Los Angeles,The Plus Bus Boutique,Free Items,"5031 York Blvd, Los Angeles, CA 90042",,,Store credit or plus size clothing donations needed,Offering free clothing to plus size folks affected by fires,,https://www.instagram.com/p/DEncWDPSAhc/
Greater LA Area,Cocokind,Shelter,,,,,Offering 10 free rooms at a local hotel for displaced folks. Email info@cocokind.com ,,https://www.instagram.com/p/DEnMKO7vEzT/?img_index=1
Long Beach,RightMealz,Distribution Hub,"422 E 4th St, Long Beach, CA",,,"Drop off donations until 9pm 1/9/25. Accepting water bottles, snacks, socks, underwear, blankets, dog food, non perishable items, hygiene items, first aid kits, infant care supplies",,Donations will be delivered to emergency shelters (location listed is for donations only).,https://www.instagram.com/p/DElLOUDS1Mc/?img_index=1
Greater LA Area,LAUSD,Free Prepared Meals,"Mulholland Middle School, Sepulveda Middle School, San Fernando Middle School, Richard E. Byrd Elementary School, Hollenbeck Middle School, South Gate High School, LA Academy Middle School, John H. Liechty Middle School, Fremont High School, Harry Bridges Span School, Edwin Markham Middle School, Barack Obama Global Preparation Academy, Marina Del Rey Middle School, Sonia Sotomayor Arts and Sciences and magnet, Berendo Middle School, Fairfax High School ",,,,Grab and go meals for LAUSD students,"8am to 11pm 1/9/25 and 1/10/25, 2 meals per student",https://www.instagram.com/p/DEncrDHS6tw/?img_index=1
Bellflower,Aligned Soul,Distribution Hub,"9810 Maple St, Bellflower, CA 90706",,,"Moving boxes, new or gently used clothing, hygiene items, food and water, baby items, blankets, pet food, batteries, N95 masks",,Collecting Tuesday 1/14 12pm-7pm,
Greater LA Area,FIGS - free resources for hospital workers ONLY,"Free Items, Free Prepared Meals","Email HereforLA@wearfigs.com with all requests for
FIGS' support",,,,"* Providing PPE and essential supplies to hospitals
* Providing meals for healthcare professionals and their families
* Sending scrubs to healthcare workers in need
* Helping with the cost of childcare
* Supporting any local relief efforts close to healthcare professionals' hearts
","Anyone in the healthcare community in need can reach out to HereforLA@wearfigs.com with all requests for
FIGS' support.",
Santa Monica,Westchester Veterinary Center,Animal Boarding,"8911 S Sepulveda Blvd, Los Angeles, CA 90045",Cats + small dogs,,,"Free boarding; small space, so limited availability. Free basic burn care, but not equipped for more complex burn cases.",,
Greater LA Area,LA County Federation of Labor,Services,"2130 James M Wood Blvd, Los Angeles, CA 90006",,,,Housing assistance and other information for union members in LA county,,https://www.instagram.com/p/DEne2Z0sQoQ/?img_index=3
Pasadena,Octavia's Bookshelf,Wifi/Charging,"1353 N. Hill Ave, Pasadena, CA 91104",,,,WiFi and power for charging ONLY,No DMs please,https://www.instagram.com/p/DEnLG6OveJ2/
Greater LA Area,Pike Bar,"Shelter, Free Prepared Meals","1836 E 4th St, Long Beach, CA 90802",,,,"Free burgers for any first responders or evacuees in the area! Shelter available, all ages and pets welcome.",,
Greater LA Area,Tyrone Smith - MOBILE EV CHARGING,Wifi/Charging,Will come to you! ,,,,Mobile EV charging,Call: 661-900-8111,
Greater LA Area,Westchester Family YMCA,Distribution Hub,"8015 S Sepulveda Blvd. Los Angeles, CA",,Yes! In need of volunteers (1/9/25 1:26PM),"NEW & UNEXPIRED: food, water, phone chargers, pillows, toiletries, medical supplies, pet supplies. NEW/GENTLY USED: clothing (all), blanckets & towels (Updated 1/9/25 1:28 PM)",,"Hours: Monday-Friday, 6am-9pm",
Los Angeles,Driven Collection,Free Items,"10730 McCune Ave, Los Angeles, California 90034",,,,collector car stroage ,If anyone is in need of vehicle storage during these fires please call/text/email/just show up. We will store your vehicles at no cost during this difficult time.,Instagram
Los Angeles,Black Imge Center,"Wifi/Charging, Free Items","3209 La Cienega Ave, Culver City, California 90232",,,,"snacks, water, masks, A/C and a safe space for anyone who needs",,instagram
Los Angeles,guerrero gallery,"Free Items, Wifi/Charging","3407 Verdugo Rd, LA",,,,"bathrooms, water, charging",,Instagram
Burbank,Westminster Presbyterian Church,"Wifi/Charging, Free Prepared Meals","542 N Buena Vista St, Burbank, CA 91505",,,,"power, water, snacks, hygine products ",everyday 4-9pm,Instagram
Los Angeles,Crustacean Beverly Hills,Free Prepared Meals,"468 N Bedford Dr, Beverly Hills, California 90210",,,,bowl of pho or noodles for first responser and people affected by fires,,Instagram
Santa Monica,Qusco Bistro,Free Prepared Meals,"11633 Santa Monica blvd, los angeles, California, 90025",,,,"dinner, hot meals to those displaced and frontline workers","reg hours, 5-9 pm, saturday: as long as they can stay open",
Los Angeles,DRIVEN STRENGTH CLUB,Wifi/Charging,"12311 Telegraph Rd, Santa Fe Springs, California 90670",,,,coworking at no charge,"Free All-Day Pass ‚Äì Come in, settle down, and get your work done in a supportive environment.
What We Offer ‚Äì Wi-Fi, power outlets, a comfortable workspace, and a welcoming community.

Simply show up and let our front desk staff know you're here to cowork. No fees, no questions, just community helping community.
",Instagram
Los Angeles,Private School Village,"Free Items, Information",,,,doantions: https://www.privateschoolvillage.org/emergencysupportresources,"giftcards
apply at: https://www.privateschoolvillage.org/emergencysupportresources",list of resources: https://www.privateschoolvillage.org/emergencysupportresources,
Burbank,West Pres Church,"Wifi/Charging, Free Items",,,,,"Power, water, snacks",Open 4-9 PM every day (updated 1/9/25) They're working on hygiene products to offer,
Los Angeles,Zaya,Free Items,"515 W 7th Street, Los Angeles, California 90014",,,,free meals for fire victims,Starting Thursday (1/9) 2-6pm. More info: 213.375.8240,Instagram
Los Angeles,Quantum Clinic,"Distribution Hub, Services","2828 Newell St Suite 6, Los Angeles, CA 90039",,,Food & clothing,"Free support groups, Fridays 10-11:30am and 2-3:30pm",,
Los Angeles,Rainbow Acres,Distribution Hub,"13208 W Washington Blvd, Los Angeles, California 90066",,,pet supplies and hygine products Thursday (1/9) 10am-4pm,,,Instagram
Los Angeles,Snail Farm,Distribution Hub,"501 S ave 17 Unit C Los Angeles, CA 90031. Entrance is on Mozart",,,"masks, water, canned foods, clothes",,,
San Diego,Al Otro Lado,Distribution Hub,"Sugar & Lash Collective,3307 Fourth Ave, San Diego, CA 92103",,,"Work gloves
üî∏Large garbage/trash bags
üî∏N95 masks and or respirators
üî∏Easy to eat high calorie non-perishable food items. (Cliff Bars, Trail Mix, Flip top canned tuna, chicken, beans, fruit, peanut butter)
üî∏Feminine Supplies
üî∏Toiletries
üî∏New socks/underwear
üî∏Diapers/wipes
üî∏Safety glasses/goggles
üî∏Tarps
üî∏Tents
**We are unable to accept clothing donations**",,Al Otro Lado will be collecting essential supplies for displaced folks and migrant workers who have been impacted by the devastating wildfires in L.A.,
Santa Monica,EATALY,Free Items,"10250 Santa Monica Blvd, Los Angeles, CA 90067",,,,free meals to first responders and evacuees,,
Remote,Mask Bloc LA,Free Items,,,Volunteers to distribute masks (Zoom webinar for new folks interested in joining 6:30pm 1/9/25 - register here),"Funds, high-quality masks/respirators, other types of PPE (ex. goggles)","Masks/respirators, rapid tests, other types of PPE (ex. goggles)",IG: @maskblocla ,
Gardena,Carson Animal Care Center,Animal Boarding,"216 W Victoria St, Gardena, CA",small,,,,,
Pomona,Pomona Fairplex,"Shelter, Animal Boarding","1101 W McKinley Ave, Pomona, CA 91768, USA",large,,,,,https://www.facebook.com/redcrossla/posts/pfbid02TMT1HEfDhjGPhyoaquCEUo3hVFSdAkXbQufiDuUohk38WjHuJoj3ihszN36rUQxNl
Downey,Downey Animal Care Center,Animal Boarding,"1258 Garfield Ave, Downey",small,,,,,https://lacounty.gov/emergency/
Los Angeles,Pan Pacific Recreational Center,Shelter,"7600 Beverly Blvd, Los Angeles, CA 90036, USA",,,,,,https://lafd.org/news/sunset-firee
Rosemead,Rosemead Chamber of Commerce,Free Items,"3953 Muscatel Ave, Rosemead, CA 91770",,,,N95s and KN95s,"8am-5pm Friday
10am02pm Saturday and Sunday",
Los Angeles,storiesbooksandcafe,Distribution Hub,"1716 sunset blvd., Los Angeles, California 90026",,,"water, pet supplies, nonperishables, clothes, blankets, hygine products, kids stuff","water, pet supplies, nonperishables, clothes, blankets, hygine products, kids stuff",Friday (1/10) 9am-9pm ,https://www.instagram.com/p/DEnbwlKyGh3/
Los Angeles,Snoop Dogg‚Äôs Clothing,Free Items,"905a S Prairie Ave
INGLEWOOD CA 90301",,,,clothing,Please stop by and pick up some clothing that we have available to get you and your family through these trying times free of charge.,
Irvine,Atomic Ballroom,"Distribution Hub, Wifi/Charging","17961 Sky Park Cir, Ste C, Irvine, California 92614
",,,"clothing, masks, water, pillows, towels, hygine products, batteries, sleeping bags, socks, nonperishables","coffee, tea, wifi, charging",,https://www.instagram.com/atomicballroom?igsh=NTc4MTIwNjQ2YQ%3D%3D
Culver City,Village Well Books & Coffee,"Free Items, Wifi/Charging","9900 Culver Blvd #1b, Culver City, CA 90232",,,,"free drink to first responders nad evacuees, wifi, water, bathrooms",,https://www.instagram.com/villagewellcc?igsh=NTc4MTIwNjQ2YQ%3D%3D
Los Angeles,Coop LA,Free Items,"7282 Beverly Blvd, Los Angeles, 90036",,,,get free clothes 10am-6pm on 1/10/25,,
Los Angeles,Suay,Free Items,"905 Mateo street, Los Angeles, California 90021, arts district",,,,masks and free clothing Saturday and Sunday,if you are an org or a shelter in need please contact them directly ,https://www.instagram.com/suaysewshop/
Santa Monica,"OpenClosit, Elizabeth Turner","Distribution Hub, Free Items","905 Mateo street, Los Angeles, California 90021",,,"clothing (have enough women's, need mens/kids/babies clothes), clean socks, tampons/pads, blankets, towels, N95 and P100 masks, batteries, powder banks, canned foods, non perishables, instant oatmeal, ramen cups, snacks, drinking water, eyeglasses, contact solution, first aid supplies, dog/cat food, meal replacement bars and energy drinks and coffee",listed items as well as 1 week packs of dog and cat food,"coffeeshops, anyone with access to coffee and energy drinks, please contact them. these will go straight to first responders. also they are currently not in evacuation zone but do have a plan b to move if necessary.",@ openclosit OR @ elizabethcturner on nsta
Remote,OpenClosit GoFundMe,Fundraiser,https://www.gofundme.com/f/donate-essential-supplies-for-la-evacuees?attribution_id=sl:fb2862a4-93da-4905-8b23-be419e374105&utm_campaign=man_ss_icons&utm_medium=customer&utm_source=copy_link,,,,,,@ openclosit OR @ elizabethcturner on nsta
Los Angeles,Project Angel Food,Free Items,"230 W. Ave 26, Los Angeles, CA 90031 in Lincoln Heights",,seeking immediate volunteers for both delivery and in the kitchen over the next several days. Please call (323) 845-1816 or email us at volunteers@angelfood.org to volunteer.,,,"Seeking volunteers for these times:
Friday Jan 10 8AM-12PM, 1PM-4PM
Sunday Jan 12 8AM-12PM, 1PM-4PM",@ projectangelfood
Los Angeles,Travis Garret Long ,Free Items,traveling by car,,,,clothes,he has all his clothes in his car and can drive to and drop off clothes to anyone in need,@ travisgarretlong on insta
Los Angeles,Obet & Del's,Distribution Hub,"5233 Hollywood Blvd, Los Angeles, CA 90027",,"Seeking: baby gear, clothes for kids/adults/babies, diapers, toys, unopened toiletries, outerwear to distribute to a family in Altadena",,,,
Northridge,YMCA of Metropolitan Los Angeles,Services,North Valley YMCA,,,,,YMCA centers open for child care for students TK-8th grade on Jan 9 (will update on whether they are doing more days). Contact afterschool@ymcala.org. Open to children of essential workers and children of families who have been displaced.,@ lacarehealth
Los Angeles,UCLA Gen Rep Mutual Aid,"Distribution Hub, Free Items",UCLA The Hill (in front of Saxon Suites),,,," Face masks ‚Ä¢ Food & snacks ‚Ä¢ Water, energy drinks, & coffee ‚Ä¢ Destress equipment ‚Ä¢ Personal hygiene products ‚Ä¢ Sunglasses ‚Ä¢ Fire safety & additional mutual aid resource information",1/10 from 9AM-12PM,@ genrep1
Los Angeles,YMCA of Metropolitan Los Angeles,Services,Ketchum-Downtown YMCA,,,,,YMCA centers open for child care for students TK-8th grade on Jan 9 and Jan 10 (will update on whether they are doing more days). Contact afterschool@ymcala.org. Open to children of essential workers and children of families who have been displaced.,@ lacarehealth
Culver City,YMCA of Metropolitan Los Angeles,Services,Culver Palms YMCA,,,,,YMCA centers open for child care for students TK-8th grade on Jan 9 and Jan 10 (will update on whether they are doing more days). Contact afterschool@ymcala.org. Open to children of essential workers and children of families who have been displaced.,@ lacarehealth
Los Angeles,YMCA of Metropolitan Los Angeles,Services,East Valley North Hollywood YMCA,,,,,YMCA centers open for child care for students TK-8th grade on Jan 9 and Jan 10 (will update on whether they are doing more days). Contact afterschool@ymcala.org. Open to children of essential workers and children of families who have been displaced.,@ lacarehealth
Los Angeles,YMCA of Metropolitan Los Angeles,Services,Westchester West LA YMCA,,,,,YMCA centers open for child care for students TK-8th grade on Jan 9 and Jan 10 (will update on whether they are doing more days). Contact afterschool@ymcala.org. Open to children of essential workers and children of families who have been displaced.,@ lacarehealth
Greater LA Area,YMCA of Metropolitan Los Angeles,Services,Van Nuys Mid Valley YMCA,,,,,YMCA centers open for child care for students TK-8th grade on Jan 9 and Jan 10 (will update on whether they are doing more days). Contact afterschool@ymcala.org. Open to children of essential workers and children of families who have been displaced.,@ lacarehealth
Los Angeles,YMCA of Metropolitan Los Angeles,Services,West Valley Reseda YMCA,,,,,YMCA centers open for child care for students TK-8th grade on Jan 9 and Jan 10 (will update on whether they are doing more days). Contact afterschool@ymcala.org. Open to children of essential workers and children of families who have been displaced.,@ lacarehealth
Burbank,YMCA of Metropolitan Los Angeles,Services,Burbank San Fernando Valley YMCA,,,,,YMCA centers open for child care for students TK-8th grade on Jan 9 and Jan 10 (will update on whether they are doing more days). Contact afterschool@ymcala.org. Open to children of essential workers and children of families who have been displaced.,@ lacarehealth
Los Angeles,The Outsider Boxing Gym,Services,9089 Santa Monica Blvd 90069 ,,,,,boxing gym open and welcoming folks to train together and talk about how to support the community. have been personally and is a woman friendly place! great folks and great third space during this time,@ theoutsiderboxing
San Fernando Valley,Hope the Mission,Shelter,"16641 Roscoe Pl., North Hills, CA",,,"Toiletries, bedding, water",,,
Pasadena,Pasadena City College,"Free Items, Distribution Hub","Pasadena City College Colorado Campus, 1570 E Colorado Blvd, Pasadena, 91105
Lot 3 near the corner of Del Mar Blvd & Hill Ave",,,,"Items available for distribution include pre-packaged snacks, canned foods, bottled water, hygiene kits, baby supplies, pet food, and clothing.","Community Relief Support will be taking place Friday, January, 10th, from 9 a.m. to 8 p.m. ",@ pcclancer
Remote,Inclusivaction Emergency Cash Assistance,"Free Items, Services",,,,,"emergency fund - providing direct cash assistance to street vendors, landscape workers, recyclers, and other outdoor workers who live and work in fire areas. apply for 500 dollars by jan 17 at inclusiveaction.org/workeraid",,@ inclusivaction
Los Angeles,Snatched Beauties ,"Distribution Hub, Free Items, Fundraiser",5710 MANCHESTER AVE STE. 211 90045 (WE SHARE THE SAME PARKING LOT AS DENNYS),,,"All Cash Donations will help with: Prescriptions, Room Fare, Clothing, Gas and etc.
MOST NEEDED ITEMS: Blankets & Water ¬© Canned Goods ‚Ä¢ Baby Items, Food, Clothes, Etc. 
ACCEPTING CASH DONATIONS AND PREPAID CARDS Cashapp: SNATCHEDBEAUTIES and Zelle: SNATCHEDBEAUTIES@ICLOUD.COM",,Drop hours: 9am-8pm everday until further notice ,@ snatched_beauties
Los Angeles,Obets & Dels,"Free Items, Distribution Hub",5233 Hollywood Blvd.,,,"Baby Gear Clothes for Baby, Kids & Adults Diapers Adult Clothes Toys Unopened Toiletries Outerwear ",,Drop between 6:30am-2pm ,@ obetanddels
Pasadena,Foothill Unity Center,"Free Items, Distribution Hub, Fundraiser","Please drop-off donations at 191 N. Oak., Ave, Pasadena 91107",,,Water Flashlights/Batteries Face masks New pillows Blankets Dry Pet Food  and Monetary donations to link in their bio,"We will have food, water, clothing, masks and other essentials available for those in need.",Text HOPE to 41444,@ foothillunitycenter
Los Angeles,Leona Valley Ranch,Animal boarding,"email for address, in Leona Valley",yes! horses boarding,,,,5 acre ranch. I have 2 horse pastures that need some work but the fencing is solid. I'm sure I can rally help to do any repairs if anyone needs a place for horses. It's about 1.5 acres of land. Not being used for anything yet. Please feel free to add me to any list. Buko Pan Guerra. My email is bukopanguerra@gmail.com.,